{"cameraMode":{"drawMode":0,"name":"Shaded","section":"Shading Mode"},"sceneLighting":true,"audioPlay":false,"sceneViewState":{"m_AlwaysRefresh":false,"showFog":true,"showSkybox":true,"showFlares":true,"showImageEffects":true,"showParticleSystems":true,"showVisualEffectGraphs":true,"m_FxEnabled":true},"in2DMode":false,"pivot":{"x":25.785999298095704,"y":7.796009063720703,"z":-1.8540000915527344},"rotation":{"x":0.10996583104133606,"y":-0.8481706380844116,"z":0.19412583112716676,"w":0.4804607629776001},"size":9.631092071533204,"orthographic":true}